supplier_id,published_date,headline,text,source
SUP-1000,2025-07-01,Nova Components beats earnings expectations,"Nova Components Ltd. reported strong quarterly earnings driven by robust demand for electronic parts. Analysts upgraded the stock citing improved margins and stable supply contracts.",Reuters
SUP-1000,2025-07-01,Chip shortage fears ease for Nova Components,"Industry reports suggest semiconductor supply constraints are easing for Nova Components key product lines, reducing delivery delays across North America.",Bloomberg
SUP-1001,2025-07-02,Steel prices surge amid Asia-Pacific supply crunch,"Pacific Steel Co. faces rising raw material costs and port congestion in Asia-Pacific, prompting warnings of longer lead times for automotive clients.",Financial Times
SUP-1001,2025-07-03,Pacific Steel warns of production delays,"Pacific Steel Co. announced temporary production slowdowns due to equipment maintenance and supplier bottlenecks, raising concerns among downstream manufacturers.",Wall Street Journal
SUP-1002,2025-07-02,EuroLogistics expands European freight network,"EuroLogistics GmbH opened two new distribution hubs in Germany and Poland, improving delivery speeds and winning praise from retail partners.",Supply Chain Dive
SUP-1003,2025-07-03,Atlas Semiconductors faces export restrictions,"Atlas Semiconductors reported potential disruptions from new export controls affecting chip shipments to key customers, sending shares lower in morning trading.",CNBC
SUP-1003,2025-07-03,Analysts cut outlook for Atlas Semiconductors,"Multiple analysts reduced revenue forecasts for Atlas Semiconductors citing geopolitical risk and lengthening lead times in the semiconductor supply chain.",MarketWatch
SUP-1005,2025-07-04,Summit Chemicals plant inspection raises safety flags,"Regulators flagged safety compliance issues at a Summit Chemicals facility, triggering concerns about temporary shutdowns and supply interruptions.",Chemical Weekly
SUP-1005,2025-07-04,Summit Chemicals reassures customers on supply continuity,"Summit Chemicals management stated that operations continue with contingency plans in place, though investors remain cautious about near-term delivery risks.",Reuters
SUP-1000,2025-07-05,Nova Components secures long-term supplier contract,"Nova Components signed a multi-year sourcing agreement with a major OEM, strengthening its order book and improving sentiment among supply chain partners.",Business Wire
